Smart,Xiaomi,Xiaomi Redmi 4A,"Xiaomi Redmi 4A.jpg",3300,"Экран (5\", IPS, 1280x720)/ Qualcomm Snapdragon 425 (1.4 ГГц)/ основная камера: 13 Мп, фронтальная камера: 5 Мп/ RAM 2 ГБ/ 32 ГБ встроенной памяти/ 3G/ GPS/ GLONASS/ поддержка 2х SIM-карт (Micro-SIM+Nano-SIM)/ Android 6.0 (Marshmallow) / 3120 мА*ч"
Smart,Xiaomi,Xiaomi Redmi Note 3 Pro,"Xiaomi Redmi Note 3 Pro.jpg",3400,"Экран (5.5\", IPS, 1920x1080)/ Qualcomm Snapdragon 650 (1.8 ГГц + 1.4ГГц)/ основная камера: 16 Мп, фронтальная камера: 5 Мп/ RAM 2 ГБ/ 16 ГБ встроенной памяти/ 3G/ LTE/ GPS/ поддержка 2х SIM-карт (Micro-SIM)/ Android 5.1.1 (Lollipop) / 4000 мА*ч"
Smart,Xiaomi,Xiaomi Mi Note 2,"Xiaomi Mi Note 2.jpg",1700,"Экран (5.7\", IPS, 1920х1080)/ Qualcomm Snapdragon 821 (2.35 + 1.6 ГГц)/ основная камера: 23 Мп, фронтальная камера: 8 Мп/ RAM 6 ГБ/ 128 ГБ встроенной памяти/ 3G/ LTE/ GPS/ поддержка 2х SIM-карт (Nano-SIM)/ Android 6.0.1 (Marshmallow)/ 4070 мА*ч"
Smart,Meizu,Meizu M3 Note,"Meizu M3 Note.jpg",3400,"Экран (5.5\", LTPS, 1920x1080)/ MediaTek Helio P10 (4 x 1.8 ГГц + 4 x 1 ГГц)/ основная камера: 13 Мп, фронтальная камера: 5 Мп/ RAM 2 ГБ/ 16 ГБ встроенной памяти/ 3G/ LTE/ GPS/ поддержка 2х SIM-карт (Nano-SIM)/ Android 5.1 (Lollipop) / 4100 мА*ч"
Smart,Meizu,Meizu U10,"Meizu U10.jpg",2800,"Экран (5\", IPS, 1280x720)/ MediaTek MT6750 (4x1.5 ГГц + 4x1 ГГц)/ основная камера: 13 Мп, фронтальная камера: 5 Мп/ RAM 2 ГБ/ 16 ГБ встроенной памяти/ 3G/ LTE/ GPS/ поддержка 2х SIM-карт (Nano-SIM)/ Android 6.0 (Marshmallow)/ 2760 мА*ч"
Smart,Meizu,Meizu M5,"Meizu M5.jpg",3200,"Экран (5.2\", IPS, 1280x720)/ MediaTek MT6750 (4x1.5 ГГц + 4x1 ГГц)/ основная камера: 13 Мп, фронтальная камера: 5 Мп/ RAM 3 ГБ/ 32 ГБ встроенной памяти/ 3G/ LTE/ GPS/ поддержка 2х SIM-карт (Nano-SIM)/ YunOS 5.1.1 / 3070 мА*ч"
